EMEC609719_Cerceris_convergens.txt,3.933906555175781e-05
EMEC609826_Cerceris_convergens.txt,4.029273986816406e-05
NY_01498155.txt,4.124641418457031e-05
