EMEC609719_Cerceris_convergens.txt,4.00543212890625e-05
EMEC609826_Cerceris_convergens.txt,3.910064697265625e-05
NY_01498155.txt,4.148483276367188e-05
