EMEC609523_Cerceris_compacta.txt,4.676844596862793
TENN-L-0000063_lg.txt,4.811650514602661
EMEC609879_Cerceris_convergens.txt,4.6093525886535645
NY01075775_lg.txt,4.51436972618103
NY_01498113.txt,4.613757848739624
NY_00040685.txt,4.58682656288147
WIS-L-0012070_lg.txt,4.606185436248779
EMEC609722_Cerceris_convergens.txt,4.6391661167144775
NY_01334334.txt,4.835419416427612
TENN-L-0000058_lg.txt,4.5473408699035645
NY_00754868.txt,4.444701910018921
NY01075827_lg.txt,4.425074100494385
EMEC609740_Cerceris_convergens.txt,4.484529733657837
EMEC609529_Cerceris_compacta.txt,4.4768476486206055
TENN-L-0000061_lg.txt,4.509089946746826
EMEC609504_Cerceris_compacta.txt,4.489209175109863
TENN-L-0000072_lg.txt,4.501179933547974
NY01075768_lg.txt,4.417918682098389
EMEC609880_Cerceris_convergens.txt,4.47019362449646
NY_00641566.txt,4.585996389389038
EMEC609686_Cerceris_conifrons.txt,4.46656060218811
TENN-L-0000028_lg.txt,4.523475170135498
NY_00020326.txt,4.474243402481079
WIS-L-0012025_lg.txt,4.51012110710144
EMEC609515_Cerceris_compacta.txt,4.470168113708496
EMEC609785_Cerceris_convergens.txt,4.421126365661621
NY_01498039.txt,4.386151552200317
TENN-L-0000057_lg.txt,4.514765024185181
EMEC609826_Cerceris_convergens.txt,4.4869444370269775
WIS-L-0012041_lg.txt,4.461273193359375
NY_01498155.txt,4.523624658584595
EMEC609764_Cerceris_convergens.txt,4.4811272621154785
EMEC609711_Cerceris_convergens.txt,4.523076295852661
TENN-L-0000035_lg.txt,4.570791482925415
EMEC609803_Cerceris_convergens.txt,4.4791364669799805
WIS-L-0012052_lg.txt,4.4284796714782715
EMEC609488_Cerceris_compacta.txt,4.4970104694366455
EMEC609926_Stigmus_sp.txt,4.475744009017944
EMEC609543_Cerceris_compacta.txt,4.533905506134033
NY_01334493.txt,4.54934549331665
NY_01498065.txt,4.4682793617248535
WIS-L-0012056_lg.txt,4.4587438106536865
NY01075765_lg.txt,4.462180852890015
EMEC609885_Cerceris_convergens.txt,4.532141208648682
NY_00413475.txt,4.529598236083984
EMEC609639_Cerceris_compar_compar.txt,4.530986309051514
NY01075837_lg.txt,4.429121971130371
EMEC609675_Cerceris_conifrons.txt,4.4782960414886475
EMEC609696_Cerceris_conifrons.txt,4.474498271942139
NY_01334438.txt,4.724799156188965
WIS-L-0012071_lg.txt,4.4198174476623535
NY_01497987.txt,4.409759044647217
EMEC609623_Cerceris_compacta.txt,4.654550552368164
NY_00198993.txt,4.378379821777344
EMEC609719_Cerceris_convergens.txt,4.475639581680298
