EMEC609719_Cerceris_convergens.txt,5.1975250244140625e-05
EMEC609826_Cerceris_convergens.txt,4.982948303222656e-05
NY_01498155.txt,5.936622619628906e-05
