EMEC609719_Cerceris_convergens.txt,5.197525024414063e-05
EMEC609826_Cerceris_convergens.txt,4.982948303222656e-05
NY_01498155.txt,5.936622619628906e-05
