EMEC609515_Cerceris_compacta.txt,10.2644920349
EMEC609826_Cerceris_convergens.txt,11.8538591862
EMEC609828_Cerceris_convergens.txt,11.6563429832
NY_00198993.txt,78.0634229183
NY_00413475.txt,78.794716835
NY_00819601.txt,73.6961870193
NY_01334326.txt,75.5777239799
NY_01334438.txt,93.40704417229999
NY_01334493.txt,76.1793501377
TENN-L-0000035_lg.txt,12.229920148800002
TENN-L-0000089_lg.txt,8.8476190567
