EMEC609719_Cerceris_convergens.txt,3.886222839355469e-05
EMEC609826_Cerceris_convergens.txt,4.9591064453125e-05
NY_01498155.txt,4.625320434570313e-05
