EMEC609719_Cerceris_convergens.txt,4.029273986816406e-05
EMEC609826_Cerceris_convergens.txt,4.1961669921875e-05
NY_01498155.txt,4.172325134277344e-05
